{
    "header": [
        " *   ",
        " *   如非需要调试，本文件可删除",
        " *   非专业人员可将本文件删除",
        " *   详细介绍请参考: https://bazhan.wang/faq#INFO-JSON",
        " *   "
    ],
    "resources": [
        {
            "url": "http://liyu.liusui.ml/",
            "path": "index.html",
            "saved": true,
            "size": 4389,
            "children": [
                {
                    "url": "http://q1.qlogo.cn/g?b=qq&nk=3270361156&s=640",
                    "saved": false
                },
                {
                    "url": "http://liyu.liusui.ml/images/qq.png",
                    "saved": false
                },
                {
                    "url": "http://liyu.liusui.ml/img/wxt.jpg",
                    "saved": false
                },
                {
                    "url": "http://liyu.liusui.ml/images/wx.png",
                    "saved": false
                },
                {
                    "url": "https://y.music.163.com/m/song?id=132975",
                    "path": "song.html",
                    "saved": true,
                    "size": 76035,
                    "children": [
                        {
                            "url": "https://s3.music.126.net/mobile-new/img/index_icon_2x.png?5207a28c3767992ca4bb6d4887c74880=",
                            "path": "img/index_icon_2x.png",
                            "saved": true,
                            "size": 18816
                        },
                        {
                            "url": "https://s3.music.126.net/mobile-new/img/authicn_16_2x.png?3c79ca31e11521993d2d4b06a5b4b941=",
                            "path": "img/authicn_16_2x.png",
                            "saved": true,
                            "size": 3109
                        },
                        {
                            "url": "https://s3.music.126.net/mobile-new/img/index_icon_3x.png?49a82fee3e0fc602e9c8b25df2bda159=",
                            "path": "img/index_icon_3x.png",
                            "saved": true,
                            "size": 44587
                        },
                        {
                            "url": "https://s3.music.126.net/mobile-new/img/authicn_16_3x.png?b980283419c33030ba8daa321220d857=",
                            "path": "img/authicn_16_3x.png",
                            "saved": true,
                            "size": 4459
                        },
                        {
                            "url": "https://p3.music.126.net/0RX8forSK67QD7MDa4hp5g==/18582846023047943.gif",
                            "path": "img/18582846023047943.gif",
                            "saved": true,
                            "size": 618
                        },
                        {
                            "url": "https://p4.music.126.net/S4EF0NcfGSdnsGxfoXF6GQ==/109951163115654967.jpg",
                            "path": "img/109951163115654967.jpg",
                            "saved": true,
                            "size": 1572
                        },
                        {
                            "url": "https://p3.music.126.net/C9tJEnwLhYm4dvTdsukD0g==/19106213556354168.jpg",
                            "path": "img/19106213556354168.jpg",
                            "saved": true,
                            "size": 2433
                        },
                        {
                            "url": "http://p1.music.126.net/p7r5eg5x_M7sxRY7ZOUNuw==/45079976751922.jpg?imageView&thumbnail=50y50&quality=15&tostatic=0",
                            "path": "img/45079976751922.jpg",
                            "saved": true,
                            "size": 8530
                        },
                        {
                            "url": "https://p6.music.126.net/obj/wo3DlcOGw6DClTvDisK1/3785387531/9b93/fac0/22dc/db01c42c297211bb085068de812d2dd6.jpg?thumbnail=120x120&imageView=1",
                            "path": "img/db01c42c297211bb085068de812d2dd6.jpeg",
                            "saved": true,
                            "size": 2096
                        },
                        {
                            "url": "http://p1.music.126.net/p7r5eg5x_M7sxRY7ZOUNuw==/45079976751922.jpg?imageView&thumbnail=360y360&quality=75&tostatic=0",
                            "path": "img/45079976751922.png",
                            "saved": true,
                            "size": 241921
                        },
                        {
                            "url": "https://p6.music.126.net/obj/wo3DlcOGw6DClTvDisK1/3785386397/0654/bf6d/2f2a/1c044902fcdee155375358c4447f7235.png",
                            "path": "img/1c044902fcdee155375358c4447f7235.png",
                            "saved": true,
                            "size": 62597
                        },
                        {
                            "url": "https://s3.music.126.net/mobile-new/react.36135f66.js",
                            "path": "js/react.36135f66.js",
                            "saved": true,
                            "size": 181922
                        },
                        {
                            "url": "https://s3.music.126.net/mobile-new/app.6dd605b8.js",
                            "path": "js/app.6dd605b8.js",
                            "saved": true,
                            "size": 637300
                        },
                        {
                            "url": "https://msite.baidu.com/sdk/c.js?appid=1582028769404989",
                            "path": "js/c.js",
                            "saved": true,
                            "size": 5352
                        },
                        {
                            "url": "https://s3.music.126.net/mobile-new/Song$id$Index.53329053eb5fbf10b968.css",
                            "path": "css/Song$id$Index.53329053eb5fbf10b968.css",
                            "saved": true,
                            "size": 58929,
                            "children": [
                                {
                                    "url": "https://s3.music.126.net/mobile-new/img/needle-ab.png?4b81da043356110081e5ccaed2e6f2ad=",
                                    "path": "img/needle-ab.png",
                                    "saved": true,
                                    "size": 7319
                                },
                                {
                                    "url": "https://s3.music.126.net/mobile-new/img/needle.png?702cf6d95f29e2e594f53a3caab50e12=",
                                    "path": "img/needle.png",
                                    "saved": true,
                                    "size": 5107
                                },
                                {
                                    "url": "https://s3.music.126.net/mobile-new/img/disc.png?d3bdd1080a72129346aa0b4b4964b75f=",
                                    "path": "img/disc.png",
                                    "saved": true,
                                    "size": 31744
                                },
                                {
                                    "url": "https://s3.music.126.net/mobile-new/img/disc_light.png?2bb24f3fd11569809b817b4988f12bc7=",
                                    "path": "img/disc_light.png",
                                    "saved": true,
                                    "size": 5004
                                },
                                {
                                    "url": "https://s3.music.126.net/mobile-new/img/disc_default.png?ba7c53e25dbac9fe14f024846ddb57d2=",
                                    "path": "img/disc_default.png",
                                    "saved": true,
                                    "size": 37770
                                },
                                {
                                    "url": "https://s3.music.126.net/mobile-new/img/needle-ip6.png?be4ebbeb6befadfcae75ce174e7db862=",
                                    "path": "img/needle-ip6.png",
                                    "saved": true,
                                    "size": 7809
                                },
                                {
                                    "url": "https://p5.music.126.net/obj/wo3DlcOGw6DClTvDisK1/4602256867/5855/63fb/325b/d7e4e3a244701ee85fecb5d4f6b5bd57.png?imageView=&quality=75&thumbnail=200y200",
                                    "path": "img/d7e4e3a244701ee85fecb5d4f6b5bd57.png",
                                    "saved": true,
                                    "size": 32611
                                },
                                {
                                    "url": "https://p6.music.126.net/obj/wo3DlcOGw6DClTvDisK1/4204002263/4d50/4866/ad46/996fc8a2bc62e1ab3f51f135fc459577.png?imageView=&quality=75&thumbnail=200y200&tostatic=0",
                                    "path": "img/996fc8a2bc62e1ab3f51f135fc459577.png",
                                    "saved": true,
                                    "size": 6135
                                },
                                {
                                    "url": "https://s3.music.126.net/mobile-new/img/needle-plus.png?994aa910ce3e4d242eb7076620b0e502=",
                                    "path": "img/needle-plus.png",
                                    "saved": true,
                                    "size": 8481
                                },
                                {
                                    "url": "https://s3.music.126.net/mobile-new/img/disc-plus.png?b700b62e1971b351dcb8b8ce1c9ceea3=",
                                    "path": "img/disc-plus.png",
                                    "saved": true,
                                    "size": 82802
                                },
                                {
                                    "url": "https://s3.music.126.net/mobile-new/img/disc_light-plus.png?4392c8c9a8a33d4b2b2c33d3995503c9=",
                                    "path": "img/disc_light-plus.png",
                                    "saved": true,
                                    "size": 9383
                                },
                                {
                                    "url": "https://s3.music.126.net/mobile-new/img/play_btn_3x.png?4da7e135b7c089f3777ec5cdbbb3a8d8=",
                                    "path": "img/play_btn_3x.png",
                                    "saved": true,
                                    "size": 2823
                                },
                                {
                                    "url": "https://s3.music.126.net/mobile-new/img/share_bubble@3x.png?1a356eb9821f8fb42039f34570a3a120=",
                                    "path": "img/share_bubble@3x.png",
                                    "saved": true,
                                    "size": 11554
                                },
                                {
                                    "url": "https://p5.music.126.net/obj/wo3DlcOGw6DClTvDisK1/10958309011/6b24/2279/c945/438870d95af399eedec241ec6de097b1.png",
                                    "path": "img/438870d95af399eedec241ec6de097b1.png",
                                    "saved": true,
                                    "size": 21106
                                },
                                {
                                    "url": "https://p6.music.126.net/obj/wonDlsKUwrLClGjCm8Kx/13619517238/6ce3/18c7/852d/12646c7eed30dfb81d5437c68ccae75c.png",
                                    "path": "img/12646c7eed30dfb81d5437c68ccae75c.png",
                                    "saved": true,
                                    "size": 3630
                                },
                                {
                                    "url": "https://s3.music.126.net/mobile-new/img/logo_circle.png?917ce2da67b7ce3477bdeb72a79532ba=",
                                    "path": "img/logo_circle.png",
                                    "saved": true,
                                    "size": 15021
                                },
                                {
                                    "url": "https://s3.music.126.net/mobile-new/img/load_error_2x.png?9861afed1332e893b2d265d362311797=",
                                    "path": "img/load_error_2x.png",
                                    "saved": true,
                                    "size": 13579
                                },
                                {
                                    "url": "https://s3.music.126.net/mobile-new/img/load_error_3x.png?430cbd47a3ad309778b6f17c01bcfd36=",
                                    "path": "img/load_error_3x.png",
                                    "saved": true,
                                    "size": 20866
                                },
                                {
                                    "url": "https://p1.music.126.net/ynsOQWHq49mRJHiCggqJOw==/109951163545176112.png",
                                    "path": "img/109951163545176112.png",
                                    "saved": true,
                                    "size": 2940
                                },
                                {
                                    "url": "https://s3.music.126.net/mobile-new/img/moon.png?da7bdf2df560ce91e1ed4f07dfb025e9=",
                                    "path": "img/moon.png",
                                    "saved": true,
                                    "size": 109165
                                },
                                {
                                    "url": "https://s3.music.126.net/mobile-new/img/qixibg.png?58ddb28049d499326081fc1687e50414=",
                                    "path": "img/qixibg.png",
                                    "saved": true,
                                    "size": 446951
                                }
                            ]
                        },
                        {
                            "url": "http://p3.music.126.net/0ZrFKozxhB6nPQYZl4lsEA==/109951163421145421.png",
                            "path": "img/109951163421145421.png",
                            "saved": true,
                            "size": 4554
                        },
                        {
                            "url": "http://p3.music.126.net/F4LudfJWGfPRHe8tAArJ1A==/109951163421193595.png",
                            "path": "img/109951163421193595.png",
                            "saved": true,
                            "size": 8648
                        },
                        {
                            "url": "http://p3.music.126.net/_jP2VnLkAOlusqpRVk8eog==/109951163421195055.png",
                            "path": "img/109951163421195055.png",
                            "saved": true,
                            "size": 11740
                        },
                        {
                            "url": "http://p3.music.126.net/JpFxnadS71uHPvNhjunCfQ==/109951163421187972.png",
                            "path": "img/109951163421187972.png",
                            "saved": true,
                            "size": 13859
                        },
                        {
                            "url": "https://s1.music.126.net/style/favicon.ico?v20180307",
                            "path": "favicon.ico",
                            "saved": true,
                            "size": 4286
                        },
                        {
                            "url": "http://p1.music.126.net/p7r5eg5x_M7sxRY7ZOUNuw==/45079976751922.jpg",
                            "path": "img/45079976751922_1.jpg",
                            "saved": true,
                            "size": 401922
                        }
                    ]
                },
                {
                    "url": "https://at.alicdn.com/t/font_2962400_gpo2ebvd428.js",
                    "saved": false
                },
                {
                    "url": "http://lib.baomitu.com/jquery/1.12.4/jquery.min.js",
                    "saved": false
                },
                {
                    "url": "http://liyu.liusui.ml/js/xy.js",
                    "path": "js/xy.js",
                    "saved": true,
                    "size": 8302
                },
                {
                    "url": "http://liyu.liusui.ml/css/style.css",
                    "path": "css/style.css",
                    "saved": true,
                    "size": 6915,
                    "children": [
                        {
                            "url": "http://liyu.liusui.ml/images/bg3.png",
                            "path": "img/bg3.png",
                            "saved": true,
                            "size": 148020
                        }
                    ]
                },
                {
                    "url": "https://sharefs.ali.kugou.com/202112120017/e80dc60e540c55b7d93d5ed5e9f745fd/KGTX/CLTX001/c7da202212ff8314ab13ba5dd7957b30.mp3",
                    "saved": false
                },
                {
                    "url": "http://liyu.liusui.ml/type=%22audio/mpeg%22",
                    "saved": false
                }
            ]
        }
    ],
    "alias": "liyu-liusui-ml-fiqj725f",
    "info": {
        "remark": [],
        "title": "粟鈺导航网",
        "domain": "liyu.liusui.ml",
        "origin": "http://liyu.liusui.ml",
        "ip": "38.55.149.13",
        "main": "index.html",
        "url": "http://liyu.liusui.ml/",
        "totalSize": "2.84 MB",
        "request": {
            "headers": {
                "accept": "text/html,*/*",
                "accept-language": "zh-CN,zh;q=0.9",
                "cache-control": "no-cache",
                "cookie": "",
                "referer": "http://liyu.liusui.ml/",
                "user-agent": "Mozilla/5.0 (Windows NT 10.0; Win64; x64) AppleWebKit/537.36 (KHTML, like Gecko) Chrome/78.0.3904.108 Safari/537.36",
                "x-scraper-website": "https://bazhan.wang/"
            }
        },
        "response": {
            "responseUrl": "http://liyu.liusui.ml/",
            "redirects": [],
            "statusCode": 200,
            "headers": {
                "server": "kangle/3.5",
                "date": "Thu, 19 Jan 2023 02:01:33 GMT",
                "last-modified": "Wed, 18 Jan 2023 11:54:04 GMT",
                "content-type": "text/html",
                "x-cache": "MISS from kangle web server",
                "transfer-encoding": "chunked",
                "connection": "close"
            }
        },
        "time": {
            "start": "2023-01-19T02:01:33.236Z",
            "end": "2023-01-19T02:01:46.430Z"
        }
    },
    "options": {
        "url": "http://liyu.liusui.ml/",
        "referer": "",
        "cookies": "",
        "userAgent": "Mozilla/5.0 (Windows NT 10.0; Win64; x64) AppleWebKit/537.36 (KHTML, like Gecko) Chrome/78.0.3904.108 Safari/537.36",
        "formatter": [],
        "filenameGenerator": "byType"
    }
}